date,fx_rate,dxy,us10y_nominal,us10y_real,fx_reserves
01-04-1985,12.40045455,149.6109091,11.4347619,#N/A,6374354769.00
01-05-1985,12.50045455,149.955,10.84681818,#N/A,6271733492.00
01-06-1985,12.4405,147.713,10.156,#N/A,6198352314.00
01-07-1985,12.03136364,141.0063636,10.30681818,#N/A,6063375381.00
01-08-1985,11.89772727,137.5586364,10.33181818,#N/A,6005903421.00
01-09-1985,12.1255,139.2205,10.37315789,#N/A,6367162713.00
01-10-1985,12.03318182,130.7163636,10.23681818,#N/A,6502758214.00
01-11-1985,12.10105263,127.9747619,9.781578947,#N/A,6575708601.00
01-12-1985,12.15238095,125.6440909,9.259047619,#N/A,6420353251.00
01-01-1986,12.24333333,123.5752174,9.193809524,#N/A,5937279432.00
01-02-1986,12.37,118.671,8.704210526,#N/A,5857059734.00
01-03-1986,12.28904762,115.907619,7.7785,#N/A,6657485982.00
01-04-1986,12.39318182,115.5109091,7.299090909,#N/A,6956432823.00
01-05-1986,12.46571429,113.3031818,7.70952381,#N/A,6642267564.00
01-06-1986,12.59857143,113.6166667,7.79952381,#N/A,6427989602.00
01-07-1986,12.50772727,110.2565217,7.303181818,#N/A,5976875401.00
01-08-1986,12.56666667,107.3666667,7.165714286,#N/A,5961147361.00
01-09-1986,12.67571429,107.0036364,7.447619048,#N/A,6119797117.00
01-10-1986,12.84863636,106.4452174,7.426363636,#N/A,5869760991.00
01-11-1986,13.07611111,107.737,7.250555556,#N/A,5936165085.00
01-12-1986,13.14863636,106.41,7.112727273,#N/A,6395732658.00
01-01-1987,13.0295,101.0363636,7.0845,#N/A,6254917353.00
01-02-1987,13.06210526,99.358,7.250526316,#N/A,6128129150.00
01-03-1987,12.92363636,98.85,7.248636364,#N/A,6729561627.00
01-04-1987,12.81454545,96.92954545,8.022857143,#N/A,6496082504.00
01-05-1987,12.666,95.95857143,8.613,#N/A,6430542297.00
01-06-1987,12.83681818,97.67681818,8.402272727,#N/A,6427064412.00
01-07-1987,13.0126087,99.2526087,8.446818182,#N/A,5955182277.00
01-08-1987,13.0852381,99.38,8.76047619,#N/A,5762599855.00
01-09-1987,12.99333333,97.09409091,9.421904762,#N/A,5944344210.00
01-10-1987,13.04285714,96.51590909,9.52,#N/A,6140970143.00
01-11-1987,12.97210526,91.31904762,8.860526316,#N/A,6057666497.00
01-12-1987,12.93454545,88.59434783,8.987727273,#N/A,6453558243.00
01-01-1988,13.03947368,89.09380952,8.665789474,#N/A,5646554985.00
01-02-1988,13.065,91.05095238,8.212,#N/A,5738917659.00
01-03-1988,12.97913043,89.6173913,8.373478261,#N/A,6390553862.00
01-04-1988,13.15761905,88.90952381,8.7185,#N/A,6197894802.00
01-05-1988,13.31571429,89.70545455,9.089047619,#N/A,5563905403.00
01-06-1988,13.78590909,92.48318182,8.921363636,#N/A,4876678899.00
01-07-1988,14.0795,96.42380952,9.056,#N/A,4674990043.00
01-08-1988,14.21695652,98.1573913,9.260434783,#N/A,4418076775.00
01-09-1988,14.48952381,97.74590909,8.977142857,#N/A,4515381233.00
01-10-1988,14.72,95.11571429,8.7955,#N/A,5081577303.00
01-11-1988,14.966,91.71136364,8.9625,#N/A,4892813068.00
01-12-1988,15.01904762,91.83272727,9.105714286,#N/A,4899288504.00
01-01-1989,15.0925,94.93227273,9.0915,#N/A,4382706379.00
01-02-1989,15.24052632,95.637,9.168947368,#N/A,4362942806.00
01-03-1989,15.4673913,96.9073913,9.357727273,#N/A,4958629238.00
01-04-1989,15.718,97.1335,9.1755,#N/A,4535296135.00
01-05-1989,16.10181818,100.83,8.859090909,#N/A,4019425072.00
01-06-1989,16.41954545,102.9095455,8.277272727,#N/A,4399168013.00
01-07-1989,16.416,99.0847619,8.0185,#N/A,4262884254.00
01-08-1989,16.60913043,100.4721739,8.112608696,#N/A,3567222954.00
01-09-1989,16.745,101.7728571,8.1905,#N/A,3664409934.00
01-10-1989,16.81904762,98.86954545,8.007619048,#N/A,3861595466.00
01-11-1989,16.87333333,97.84590909,7.874285714,#N/A,3698375163.00
01-12-1989,16.8585,94.67809524,7.836,#N/A,3858554814.00
01-01-1990,16.89571429,92.95521739,8.206666667,#N/A,3615202948.00
01-02-1990,16.90947368,92.191,8.473157895,#N/A,4001463399.00
01-03-1990,17.03727273,93.98681818,8.588636364,#N/A,4108367354.00
01-04-1990,17.222,93.3652381,8.7855,#N/A,3772606028.00
01-05-1990,17.24933333,91.98173913,8.758181818,#N/A,3849237382.00
01-06-1990,17.44971429,92.32,8.48,#N/A,3835079856.00
01-07-1990,17.43909091,89.57227273,8.471428571,#N/A,3533224811.00
01-08-1990,17.38181818,86.48043478,8.752608696,#N/A,3578725195.00
01-09-1990,17.88755,86.01,8.893157895,#N/A,2992997493.00
01-10-1990,18.075,83.31434783,8.719545455,#N/A,2533494305.00
01-11-1990,18.11059091,82.00545455,8.392,#N/A,2047939891.00
01-12-1990,18.15509524,83.24571429,8.075,#N/A,1520972173.00
01-01-1991,18.36395455,83.38217391,8.091904762,#N/A,2734004103.00
01-02-1991,18.876,82.038,7.854736842,#N/A,2441889937.00
01-03-1991,19.26180952,88.07142857,8.11,#N/A,2338211990.00
01-04-1991,19.93181818,91.27636364,8.039090909,#N/A,1448842321.00
01-05-1991,20.5586087,92.11869565,8.067727273,#N/A,1335011799.00
01-06-1991,21.092,95.094,8.284,#N/A,1186754686.00
01-07-1991,25.66908696,95.23608696,8.272727273,#N/A,1403126011.00
01-08-1991,25.87540909,93.38454545,7.9,#N/A,1190254629.00
01-09-1991,25.85419048,91.1752381,7.65,#N/A,1905980848.00
01-10-1991,25.8183913,90.65521739,7.527272727,#N/A,2464277375.00
01-11-1991,25.81509524,87.96666667,7.417368421,#N/A,2751970038.00
01-12-1991,25.83713636,85.44954545,7.088571429,#N/A,3626589137.00
01-01-1992,25.89252174,85.92521739,7.032380952,#N/A,3902442674.00
01-02-1992,26.05845,87.98,7.337894737,#N/A,4253043416.00
01-03-1992,30.01809091,90.30363636,7.542272727,#N/A,5721699588.00
01-04-1992,30.9335,89.77090909,7.48047619,#N/A,5636082733.00
01-05-1992,30.377,88.18380952,7.392,#N/A,5570459332.00
01-06-1992,30.24909091,85.81545455,7.261818182,#N/A,6336309204.00
01-07-1992,30.24191304,82.40608696,6.844545455,#N/A,6557601814.00
01-08-1992,30.11338095,80.83428571,6.585714286,#N/A,6344112772.00
01-09-1992,30.04136364,81.72590909,6.415238095,#N/A,5811921056.00
01-10-1992,30.04118182,84.95454545,6.589047619,#N/A,5497169598.00
01-11-1992,30.07704762,89.92428571,6.873157895,#N/A,4853668542.00
01-12-1992,30.71708696,90.42652174,6.77,#N/A,5757134861.00
01-01-1993,30.8818,92.25952381,6.6,#N/A,5625972570.00
01-02-1993,32.6282,93.7785,6.258947368,#N/A,5558035916.00
01-03-1993,31.55278261,93.5426087,5.975217391,#N/A,6748906702.00
01-04-1993,31.30213636,90.42636364,5.96952381,#N/A,7329718683.00
01-05-1993,31.32638095,90.05428571,6.0355,#N/A,6878561595.00
01-06-1993,31.39722727,91.68090909,5.962727273,#N/A,7038394104.00
01-07-1993,31.36845455,94.38681818,5.805238095,#N/A,7201572791.00
01-08-1993,31.37140909,94.15954545,5.677727273,#N/A,7647974607.00
01-09-1993,31.37081818,91.90681818,5.36,#N/A,7991741997.00
01-10-1993,31.37071429,93.14619048,5.334,#N/A,8372300779.00
01-11-1993,31.37036364,95.35272727,5.724,#N/A,8615071695.00
01-12-1993,31.36908696,95.63304348,5.774090909,#N/A,10199123472.00
01-01-1994,31.3697619,96.41809524,5.7505,#N/A,10937172314.00
01-02-1994,31.3678,95.5965,5.973157895,#N/A,13506564504.00
01-03-1994,31.37452174,94.2273913,6.482608696,#N/A,15476410037.00
01-04-1994,31.36757143,94.22142857,6.972105263,#N/A,15435779187.00
01-05-1994,31.36945455,92.67181818,7.183333333,#N/A,15830234214.00
01-06-1994,31.36922727,91.46409091,7.101363636,#N/A,16724796510.00
01-07-1994,31.3697,89.10095238,7.298,#N/A,17886316595.00
01-08-1994,31.3693913,89.10956522,7.236086957,#N/A,17992387260.00
01-09-1994,31.36931818,87.975,7.457142857,#N/A,19170606372.00
01-10-1994,31.37047619,86.55285714,7.744,#N/A,20163089053.00
01-11-1994,31.39022727,87.70681818,7.955,#N/A,19804806271.00
01-12-1994,31.38718182,89.49818182,7.813809524,#N/A,19698471269.00
01-01-1995,31.37054545,88.17045455,7.7795,#N/A,20081437643.00
01-02-1995,31.37625,87.1075,7.469473684,#N/A,20268267905.00
01-03-1995,31.59804348,83.53217391,7.204782609,#N/A,21160083813.00
01-04-1995,31.3995,81.62,7.062631579,#N/A,20890932294.00
01-05-1995,31.40878261,82.57782609,6.632727273,#N/A,20628058906.00
01-06-1995,31.39418182,82.07954545,6.168181818,#N/A,20029247724.00
01-07-1995,31.37719048,81.73142857,6.278,#N/A,20233651554.00
01-08-1995,31.57791304,84.48913043,6.48826087,#N/A,19353568862.00
01-09-1995,33.2047619,85.56666667,6.1975,#N/A,19433026931.00
01-10-1995,34.56931818,83.94909091,6.044761905,#N/A,18109678191.00
01-11-1995,34.68318182,84.04409091,5.93047619,#N/A,17668750215.00
01-12-1995,34.95104762,84.93809524,5.7115,#N/A,17921806913.00
01-01-1996,35.78659091,86.04304348,5.652380952,#N/A,16666695434.00
01-02-1996,36.53380952,86.22095238,5.8055,#N/A,16304787812.00
01-03-1996,34.33357143,86.44285714,6.268571429,#N/A,17436294038.00
01-04-1996,34.18477273,87.36727273,6.511363636,#N/A,17407902578.00
01-05-1996,34.86,88.22173913,6.736818182,#N/A,17418040887.00
01-06-1996,34.877,88.0315,6.912,#N/A,17961104345.00
01-07-1996,35.405,87.13130435,6.865454545,#N/A,18342743623.00
01-08-1996,35.61136364,86.41227273,6.635454545,#N/A,18295875859.00
01-09-1996,35.68904762,87.33190476,6.832,#N/A,18795661887.00
01-10-1996,35.65478261,87.89478261,6.533636364,#N/A,19560250289.00
01-11-1996,35.71338095,86.91095238,6.203684211,#N/A,19712141334.00
01-12-1996,35.82136364,88.61772727,6.302380952,#N/A,20170156506.00
01-01-1997,35.85909091,90.82565217,6.579047619,#N/A,20172786487.00
01-02-1997,35.8579,94.4025,6.419473684,#N/A,19991387057.00
01-03-1997,35.84571429,95.46095238,6.6945,#N/A,22663803868.00
01-04-1997,35.79431818,96.27227273,6.885454545,#N/A,22991629736.00
01-05-1997,35.79727273,95.09863636,6.710952381,#N/A,24463719004.00
01-06-1997,35.792,95.31904762,6.493809524,#N/A,25702453937.00
01-07-1997,35.7236087,97.35130435,6.220454545,#N/A,26348071893.00
01-08-1997,35.94261905,99.85047619,6.298571429,#N/A,26790246322.00
01-09-1997,36.42568182,98.22545455,6.208571429,#N/A,26017256930.00
01-10-1997,36.23826087,96.94913043,6.029545455,#N/A,26570575074.00
01-11-1997,37.247,96.276,5.875,#N/A,24668939641.00
01-12-1997,39.22391304,98.71043478,5.808636364,#N/A,24688314295.00
01-01-1998,39.27380952,100.4118182,5.5445,#N/A,24807577080.00
01-02-1998,38.89,99.8155,5.574736842,#N/A,24335145553.00
01-03-1998,39.49340909,100.3636364,5.647272727,#N/A,26260326060.00
01-04-1998,39.64568182,100.1690909,5.637619048,#N/A,26554063955.00
01-05-1998,40.40895238,99.47904762,5.6525,#N/A,25856903316.00
01-06-1998,42.24590909,100.8140909,5.496363636,#N/A,24297332470.00
01-07-1998,42.50543478,101.2782609,5.461363636,#N/A,24339620621.00
01-08-1998,42.74166667,101.6714286,5.341904762,#N/A,25109610896.00
01-09-1998,42.49727273,97.11409091,4.806666667,#N/A,26490107054.00
01-10-1998,42.32068182,93.61545455,4.53,#N/A,26994956681.00
01-11-1998,42.38452381,95.40285714,4.827368421,#N/A,26919327597.00
01-12-1998,42.54347826,94.49,4.645,#N/A,27340724583.00
01-01-1999,42.489,94.58333333,4.722105263,#N/A,27772135521.00
01-02-1999,42.472,97.07,4.998947368,#N/A,28454143457.00
01-03-1999,42.43934783,99.40521739,5.232608696,#N/A,30193325244.00
01-04-1999,42.70704545,100.4871429,5.184545455,#N/A,30278903895.00
01-05-1999,42.78190476,100.935,5.5395,#N/A,31270901460.00
01-06-1999,43.145,102.4654545,5.899545455,#N/A,31211936987.00
01-07-1999,43.2875,102.7063636,5.791904762,#N/A,31434971491.00
01-08-1999,43.45454545,100.2654545,5.939090909,#N/A,31271460060.00
01-09-1999,43.52431818,99.84863636,5.915238095,#N/A,31164189929.00
01-10-1999,43.46190476,98.24857143,6.112,#N/A,31263442418.00
01-11-1999,43.38568182,100.6168182,6.034,#N/A,31990323480.00
01-12-1999,43.46021739,101.7578261,6.275454545,#N/A,32666742042.00
01-01-2000,43.53238095,101.7128571,6.661,#N/A,32611500238.00
01-02-2000,43.60528571,104.4333333,6.5195,#N/A,33452907772.00
01-03-2000,43.58434783,105.5434783,6.256521739,#N/A,35719638332.00
01-04-2000,43.63235,106.7647368,5.990526316,#N/A,35645527071.00
01-05-2000,43.98391304,110.7859091,6.440454545,#N/A,35038715938.00
01-06-2000,44.68295455,107.1059091,6.097272727,#N/A,34435868007.00
01-07-2000,44.76309524,108.277619,6.054,#N/A,33949022578.00
01-08-2000,45.69304348,111.1669565,5.826086957,#N/A,33426316706.00
01-09-2000,45.8697619,114.358,5.799,#N/A,33237932102.00
01-10-2000,46.35295455,116.0513636,5.738571429,#N/A,32724285606.00
01-11-2000,46.77363636,116.4759091,5.717142857,#N/A,36913985956.00
01-12-2000,46.72857143,112.725,5.2405,#N/A,37902244646.00
01-01-2001,46.52045455,110.1259091,5.160952381,#N/A,39003226307.00
01-02-2001,46.5105,111.8055,5.098947368,#N/A,39529899487.00
01-03-2001,46.60681818,113.9318182,4.885454545,#N/A,40172290958.00
01-04-2001,46.75261905,115.508,5.141,#N/A,40449310789.00
01-05-2001,46.91326087,116.7536364,5.391363636,#N/A,40788123416.00
01-06-2001,46.99452381,118.95,5.284285714,#N/A,41265074364.00
01-07-2001,47.12977273,118.4477273,5.236190476,#N/A,41574551460.00
01-08-2001,47.12021739,114.39,4.971304348,#N/A,43171131701.00
01-09-2001,47.62675,113.30375,4.731764706,#N/A,42582516697.00
01-10-2001,48.00956522,114.21,4.566818182,#N/A,42943247466.00
01-11-2001,47.99386364,116.0077273,4.6515,#N/A,44648078837.00
01-12-2001,47.89,116.205,5.0875,#N/A,45870471084.00
01-01-2002,48.31045455,117.7636364,5.035714286,#N/A,47173231707.00
01-02-2002,48.655,118.9665,4.911578947,#N/A,48332854442.00
01-03-2002,48.7152381,117.936,5.284,#N/A,51670489651.00
01-04-2002,48.88863636,116.8827273,5.210909091,#N/A,52738756981.00
01-05-2002,48.96608696,113.3721739,5.164545455,#N/A,53530088024.00
01-06-2002,48.934,109.6505,4.9265,#N/A,55362893597.00
01-07-2002,48.74043478,105.9573913,4.653181818,#N/A,57359935037.00
01-08-2002,48.56045455,107.39,4.257272727,#N/A,58931789253.00
01-09-2002,48.41428571,107.303,3.87,#N/A,60319439938.00
01-10-2002,48.34434783,107.5304348,3.940909091,#N/A,61880924833.00
01-11-2002,48.23666667,105.6752381,4.048421053,#N/A,64274954000.00
01-12-2002,48.09454545,104.2328571,4.032380952,#N/A,67665482492.00
01-01-2003,47.91621739,100.827619,4.048571429,2.294285714,70567888294.00
01-02-2003,47.67275,99.85894737,3.902631579,1.99,69822137341.00
01-03-2003,47.60642857,99.75095238,3.807142857,1.944285714,72565583944.00
01-04-2003,47.34659091,99.4047619,3.958571429,2.183809524,74933492177.00
01-05-2003,47.052,94.43571429,3.569047619,1.908095238,78634614892.00
01-06-2003,46.65190476,93.54142857,3.334285714,1.721904762,79519443013.00
01-07-2003,46.18630435,95.63695652,3.975454545,2.109545455,81920437080.00
01-08-2003,45.9197619,97.22857143,4.445238095,2.32047619,83583284916.00
01-09-2003,45.81136364,95.81909091,4.274285714,2.186190476,88423384507.00
01-10-2003,45.365,92.07608696,4.290454545,2.076363636,89886067494.00
01-11-2003,45.52025,91.93789474,4.3,1.963888889,93373553928.00
01-12-2003,45.54434783,88.40454545,4.267727273,1.983636364,98937910782.00
01-01-2004,45.42640909,86.44142857,4.1505,1.8875,102096770444.00
01-02-2004,45.235,86.3475,4.084210526,1.762105263,105384154179.00
01-03-2004,44.9323913,88.45782609,3.826521739,1.465217391,108763543600.00
01-04-2004,43.85727273,89.83619048,4.347619048,1.902857143,114300994566.00
01-05-2004,45.14547619,90.549,4.7155,2.09,115406806950.00
01-06-2004,45.46409091,89.155,4.733809524,2.146190476,115453499707.00
01-07-2004,45.99659091,88.33636364,4.498095238,2.024285714,114261978852.00
01-08-2004,46.2925,88.87590909,4.281363636,1.859545455,114014202658.00
01-09-2004,46.02840909,88.65545455,4.125714286,1.799047619,115387539152.00
01-10-2004,45.73142857,86.87809524,4.097,1.729,116985886127.00
01-11-2004,45.04568182,83.59818182,4.194,1.676,123686470557.00
01-12-2004,43.8473913,81.56913043,4.230909091,1.668636364,126593287643.00
01-01-2005,43.65785714,83.11190476,4.2215,1.7235,125068919186.00
01-02-2005,43.6295,83.7235,4.165263158,1.631052632,131519821799.00
01-03-2005,43.63021739,82.83636364,4.497727273,1.787272727,137008340401.00
01-04-2005,43.69333333,84.26714286,4.340952381,1.705714286,137392934254.00
01-05-2005,43.48318182,85.62809524,4.144285714,1.653333333,134348781252.00
01-06-2005,43.55045455,88.44227273,3.998181818,1.674545455,133787216941.00
01-07-2005,43.49785714,89.69666667,4.1775,1.8765,136017528555.00
01-08-2005,43.58347826,87.94086957,4.262608696,1.889130435,139545536826.00
01-09-2005,43.87613636,88.08,4.199047619,1.699047619,138348338137.00
01-10-2005,44.78380952,89.72190476,4.4635,1.9425,138710724234.00
01-11-2005,45.64772727,91.49190476,4.535,2.0635,137895960250.00
01-12-2005,45.55704545,90.91619048,4.467142857,2.123333333,131924326287.00
01-01-2006,44.25545455,89.031,4.416,2.006,134686556094.00
01-02-2006,44.2425,90.35263158,4.568947368,2.048947368,136640098147.00
01-03-2006,44.3676087,89.96695652,4.723913043,2.197391304,145854117834.00
01-04-2006,44.839,88.40947368,4.990526316,2.408947368,154362651036.00
01-05-2006,45.25217391,84.85727273,5.11,2.445909091,156844642247.00
01-06-2006,45.91295455,85.76590909,5.106363636,2.529545455,156731992764.00
01-07-2006,46.36714286,85.893,5.0875,2.507,158019991894.00
01-08-2006,46.46108696,85.04521739,4.876521739,2.290869565,159707634007.00
01-09-2006,46.00880952,85.6045,4.719,2.3195,159103351582.00
01-10-2006,45.36613636,86.34272727,4.729047619,2.411428571,161326243414.00
01-11-2006,44.73431818,84.84454545,4.595238095,2.291904762,168150216332.00
01-12-2006,44.47333333,83.3555,4.5645,2.2505,170737998444.00
01-01-2007,44.19913043,84.78047619,4.75952381,2.436666667,173635720629.00
01-02-2007,44.012,84.40631579,4.722631579,2.360526316,187683405584.00
01-03-2007,43.78613636,83.48409091,4.564545455,2.176818182,192398122787.00
01-04-2007,41.98214286,82.19,4.693809524,2.255714286,197375974912.00
01-05-2007,40.57717391,82.10954545,4.746363636,2.373636364,201161160549.00
01-06-2007,40.58404762,82.46714286,5.102857143,2.690952381,206578992751.00
01-07-2007,40.27727273,80.77952381,5.004285714,2.636666667,220222967457.00
01-08-2007,40.65108696,80.93478261,4.674782609,2.43826087,221969313251.00
01-09-2007,40.16925,79.30210526,4.521578947,2.257368421,240396462050.00
01-10-2007,39.38043478,77.84782609,4.527727273,2.202272727,256883785634.00
01-11-2007,39.32136364,75.66809524,4.1485,1.768,265163082561.00
01-12-2007,39.39666667,76.764,4.0975,1.789,266988346673.00
01-01-2008,39.27543478,75.94863636,3.744285714,1.469047619,284034483771.00
01-02-2008,39.68857143,75.69809524,3.7375,1.405,291676756096.00
01-03-2008,40.23380952,72.4535,3.51,1.091,299684068707.00
01-04-2008,39.95409091,72.11636364,3.675,1.362272727,304725230353.00
01-05-2008,42.0275,72.86681818,3.88,1.46,305407267292.00
01-06-2008,42.76380952,73.17952381,4.09952381,1.628571429,302874407309.00
01-07-2008,42.76369565,72.54565217,4.007727273,1.569090909,296437854547.00
01-08-2008,42.93,76.06047619,3.885714286,1.676190476,286613498252.00
01-09-2008,45.49681818,78.26333333,3.686190476,1.85,277769994520.00
01-10-2008,48.4723913,83.11086957,3.814090909,2.752272727,244499400687.00
01-11-2008,48.81225,86.3915,3.526666667,2.888333333,239758727087.00
01-12-2008,48.48195652,82.97347826,2.416363636,2.17,247418901857.00
01-01-2009,48.68159091,83.96409091,2.5175,1.912,239684694690.00
01-02-2009,49.21525,86.54,2.87,1.752105263,239490897553.00
01-03-2009,51.09386364,86.41136364,2.819545455,1.709090909,242345224044.00
01-04-2009,49.95681818,85.25545455,2.927142857,1.567619048,242657842725.00
01-05-2009,48.43738095,82.0347619,3.293,1.717,252608268861.00
01-06-2009,47.66181818,80.11590909,3.721818182,1.862272727,255248377416.00
01-07-2009,48.35021739,79.52652174,3.562272727,1.822727273,261864865906.00
01-08-2009,48.22285714,78.44809524,3.587142857,1.773809524,267318299506.00
01-09-2009,48.29927273,77.05318182,3.401904762,1.641904762,270855254690.00
01-10-2009,46.63495455,76.01045455,3.387619048,1.483333333,273460320826.00
01-11-2009,46.5187619,75.30809524,3.402631579,1.275263158,269968584923.00
01-12-2009,46.53208696,76.8273913,3.59,1.364545455,265181731677.00
01-01-2010,45.90238095,77.801,3.733157895,1.374736842,262903915108.00
01-02-2010,46.278,80.1645,3.691052632,1.418947368,260441929101.00
01-03-2010,45.44634783,80.67086957,3.727391304,1.50826087,261393478134.00
01-04-2010,44.46213636,81.23545455,3.846818182,1.500909091,261413685972.00
01-05-2010,45.83547619,85.41904762,3.42,1.307,254636486323.00
01-06-2010,46.51409091,86.57545455,3.204090909,1.256818182,256334199882.00
01-07-2010,46.80745455,83.14045455,3.011428571,1.240952381,265512782366.00
01-08-2010,46.55536364,82.14954545,2.698636364,1.021818182,263145077920.00
01-09-2010,45.90918182,81.08045455,2.647619048,0.909047619,272490421350.00
01-10-2010,44.35166667,77.46047619,2.54,0.525,276456989263.00
01-11-2010,44.97136364,78.44272727,2.763,0.666,270429763934.00
01-12-2010,45.0683913,80.06869565,3.290909091,1.044090909,275276605506.00
01-01-2011,45.38428571,79.1547619,3.394,1.0605,277726326615.00
01-02-2011,45.37,77.778,3.576315789,1.237894737,279878026863.00
01-03-2011,44.90565217,76.28869565,3.414347826,0.963913043,282517257087.00
01-04-2011,44.33166667,74.69,3.455,0.8635,290407500909.00
01-05-2011,44.91672727,74.94272727,3.168571429,0.778571429,287804873845.00
01-06-2011,44.84163636,74.69409091,3.002272727,0.755454545,291724459833.00
01-07-2011,44.40904762,74.73428571,3.003,0.6235,294418748742.00
01-08-2011,45.34934783,74.23826087,2.303043478,0.135217391,294347978652.00
01-09-2011,47.65213636,76.91545455,1.975238095,0.077619048,283820533485.00
01-10-2011,49.22533333,77.15571429,2.152,0.186,290334824449.00
01-11-2011,50.7225,77.95727273,2.0135,0.0015,280841440668.00
01-12-2011,52.42295455,79.62909091,1.978095238,-0.031428571,271285421552.00
01-01-2012,51.10636364,80.33363636,1.9665,-0.108,267267941138.00
01-02-2012,49.16214286,78.95285714,1.9675,-0.2545,269029434978.00
01-03-2012,50.35363636,79.55909091,2.172727273,-0.141363636,268720680969.00
01-04-2012,51.68809524,79.43,2.052857143,-0.213809524,269568960011.00
01-05-2012,54.34695652,80.98782609,1.803181818,-0.341363636,261740343245.00
01-06-2012,55.95214286,82.24619048,1.622380952,-0.50047619,265327695400.00
01-07-2012,55.36795455,83.02272727,1.526666667,-0.601904762,265145838576.00
01-08-2012,55.50326087,82.15956522,1.67826087,-0.585652174,266324609283.00
01-09-2012,54.46375,79.8755,1.723157895,-0.713157895,268824543944.00
01-10-2012,53.0676087,79.73782609,1.746190476,-0.748571429,269208192227.00
01-11-2012,54.81672727,80.69590909,1.654,-0.7725,268828831708.00
01-12-2012,54.6752381,79.74857143,1.719,-0.7575,270586506917.00
01-01-2013,54.23826087,79.87130435,1.914761905,-0.608571429,270765032752.00
01-02-2013,53.847,80.6025,1.984210526,-0.570526316,266795040503.00
01-03-2013,54.42880952,82.64142857,1.9575,-0.585,268506783358.00
01-04-2013,54.31727273,82.52409091,1.759090909,-0.652272727,272057711579.00
01-05-2013,55.02186957,83.21478261,1.928181818,-0.355,267186398583.00
01-06-2013,58.41565,81.8745,2.3,0.2515,263126441213.00
01-07-2013,59.79973913,82.81521739,2.582272727,0.46,259061293114.00
01-08-2013,62.84509091,81.48318182,2.737272727,0.552727273,256039529816.00
01-09-2013,63.79857143,81.20571429,2.8095,0.664,257753281060.00
01-10-2013,61.61604348,79.87086957,2.615909091,0.428636364,262567821747.00
01-11-2013,62.55733333,80.8452381,2.718421053,0.547894737,272378009162.00
01-12-2013,61.85368182,80.32318182,2.901904762,0.738571429,276493267092.00
01-01-2014,62.09565217,80.79608696,2.858095238,0.631904762,273388159272.00
01-02-2014,62.19575,80.438,2.709473684,0.552105263,275731104856.00
01-03-2014,60.96547619,79.87238095,2.723333333,0.555714286,285031667649.00
01-04-2014,60.3575,79.85,2.705238095,0.542857143,292401949436.00
01-05-2014,59.31431818,79.96227273,2.559047619,0.368095238,293860546002.00
01-06-2014,59.75142857,80.44,2.598571429,0.36952381,298024446009.00
01-07-2014,60.05313043,80.53521739,2.542272727,0.279545455,301131797117.00
01-08-2014,60.83309524,81.85666667,2.42,0.223809524,299915889184.00
01-09-2014,60.88454545,84.36454545,2.534285714,0.460952381,296204484446.00
01-10-2014,61.34404348,85.68,2.304090909,0.384090909,298472880698.00
01-11-2014,61.68735,87.7225,2.325555556,0.445555556,298852173530.00
01-12-2014,62.78708696,89.19130435,2.207272727,0.510454545,303454874927.00
01-01-2015,62.17859091,92.815,1.8815,0.2745,310606516330.00
01-02-2015,62.00355,94.4535,1.975263158,0.26,319300488547.00
01-03-2015,62.48840909,97.89727273,2.042727273,0.280909091,323824829169.00
01-04-2015,62.66572727,97.52045455,1.935,0.076818182,333725503695.00
01-05-2015,63.71133333,95.23809524,2.1975,0.332,334317692139.00
01-06-2015,63.776,95.16863636,2.363636364,0.497727273,338106666367.00
01-07-2015,63.61117391,96.92521739,2.324545455,0.503636364,336336736699.00
01-08-2015,65.11971429,96.38761905,2.167142857,0.555714286,334620809169.00
01-09-2015,66.19368182,95.81454545,2.172857143,0.65,333344798655.00
01-10-2015,65.02613636,95.71863636,2.07,0.571428571,336654246137.00
01-11-2015,66.12404762,99.07,2.263157895,0.692631579,333851954005.00
01-12-2015,66.5006087,98.31304348,2.242727273,0.727727273,334310993025.00
01-01-2016,67.3197619,98.99619048,2.085263158,0.665263158,333077592174.00
01-02-2016,68.22580952,97.04095238,1.7795,0.472,330199405324.00
01-03-2016,66.91695652,96.25956522,1.889090909,0.337272727,341189270080.00
01-04-2016,66.43804762,94.40333333,1.805238095,0.19047619,344140716169.00
01-05-2016,66.934,94.56772727,1.806190476,0.211904762,342399070531.00
01-06-2016,67.25659091,94.66318182,1.644090909,0.174090909,344029547095.00
01-07-2016,67.15866667,96.52857143,1.504,0.0385,346011764350.00
01-08-2016,66.9286087,95.38,1.556521739,0.08826087,346250456122.00
01-09-2016,66.71659091,95.47909091,1.63047619,0.115714286,351667292320.00
01-10-2016,66.73604762,97.71428571,1.7645,0.0975,346822998356.00
01-11-2016,67.68736364,99.76772727,2.142,0.32,341975717394.00
01-12-2016,67.80277273,102.0413636,2.491904762,0.556190476,341145194692.00
01-01-2017,68.06231818,101.2022727,2.4325,0.421,344544924772.00
01-02-2017,66.9734,100.6955,2.418947368,0.4,345181175900.00
01-03-2017,65.81934783,100.76,2.48173913,0.485652174,350923607640.00
01-04-2017,64.5483,100.073,2.297368421,0.391052632,353698265301.00
01-05-2017,64.436,98.23913043,2.303636364,0.466818182,360819689698.00
01-06-2017,64.45831818,96.94318182,2.186818182,0.458181818,366986761984.00
01-07-2017,64.45,94.91571429,2.318,0.546,374514735003.00
01-08-2017,63.97843478,93.17521739,2.209130435,0.433478261,377934660329.00
01-09-2017,64.46080952,92.34,2.202,0.368,379771135768.00
01-10-2017,65.0565,93.70818182,2.36,0.498095238,379329743480.00
01-11-2017,64.85213636,93.96181818,2.353333333,0.495714286,382005683329.00
01-12-2017,64.23904762,93.33181818,2.4025,0.503,389350147912.00
01-01-2018,63.645,90.82086957,2.583809524,0.54,401550065968.00
01-02-2018,64.43475,89.6945,2.858947368,0.757368421,400132903901.00
01-03-2018,65.04613636,89.87681818,2.842380952,0.751904762,403750660782.00
01-04-2018,65.68571429,90.29333333,2.869047619,0.741428571,399532823214.00
01-05-2018,67.52434783,93.33652174,2.977727273,0.835909091,391849998358.00
01-06-2018,67.80714286,94.37190476,2.912380952,0.794761905,385400077511.00
01-07-2018,68.68304545,94.60863636,2.889047619,0.774761905,383776895972.00
01-08-2018,69.63282609,95.48086957,2.889130435,0.79,380573739903.00
01-09-2018,72.21835,94.7565,3.004210526,0.881052632,380813069454.00
01-10-2018,73.59652174,95.85130435,3.152272727,1.040909091,371888806088.00
01-11-2018,71.74022727,96.76090909,3.117,1.113,373187968981.00
01-12-2018,70.76471429,96.86761905,2.832631579,1.016315789,374425187184.00
01-01-2019,70.68382609,95.96652174,2.713809524,0.92,378006428711.00
01-02-2019,71.16655,96.4765,2.676315789,0.799473684,379583834240.00
01-03-2019,69.51004762,96.78,2.570952381,0.658095238,390267677763.00
01-04-2019,69.40872727,97.365,2.532380952,0.595714286,396238176684.00
01-05-2019,69.77756522,97.73391304,2.395,0.568636364,399309608326.00
01-06-2019,69.408,96.798,2.074,0.374,405936770213.00
01-07-2019,68.74713043,97.34086957,2.059090909,0.306363636,403714736546.00
01-08-2019,71.20140909,98.00318182,1.626363636,0.04,401408385720.00
01-09-2019,71.35352381,98.60952381,1.6995,0.1125,407452453119.00
01-10-2019,71.02073913,98.17086957,1.706818182,0.145909091,418505121882.00
01-11-2019,71.50538095,98.07714286,1.812105263,0.171578947,424853307690.00
01-12-2019,71.1655,97.37772727,1.862857143,0.144761905,432378384524.00
01-01-2020,71.26786957,97.4,1.757619048,0.036666667,442647713931.00
01-02-2020,71.53615,98.8635,1.504210526,-0.111578947,451702905468.00
01-03-2020,74.56495455,98.84272727,0.87,-0.116818182,447527444120.00
01-04-2020,76.17840909,99.89045455,0.657619048,-0.445714286,449107995966.00
01-05-2020,75.67495238,99.58095238,0.674,-0.4415,460963536941.00
01-06-2020,75.72313636,97.08409091,0.728636364,-0.544545455,472094307418.00
01-07-2020,74.92882609,95.58304348,0.623636364,-0.832727273,497249262551.00
01-08-2020,74.5697619,93.04666667,0.65,-1.011428571,505303565479.00
01-09-2020,73.51827273,93.41045455,0.67952381,-0.976666667,508526945423.00
01-10-2020,73.5585,93.39909091,0.787142857,-0.916666667,523969558523.00
01-11-2020,74.21752381,92.5952381,0.87,-0.842105263,539921508599.00
01-12-2020,73.63030435,90.50608696,0.933636364,-0.982272727,549086868075.00
01-01-2021,73.11309524,90.23714286,1.081052632,-1.000526316,554103798782.00
01-02-2021,72.79455,90.641,1.257894737,-0.922105263,549399409663.00
01-03-2021,72.81221739,91.99434783,1.610869565,-0.664347826,543284105579.00
01-04-2021,74.52427273,91.65272727,1.635,-0.714545455,552737345147.00
01-05-2021,73.18366667,90.30142857,1.621,-0.847,560787725898.00
01-06-2021,73.58736364,91.04409091,1.519090909,-0.823636364,575510579221.00
01-07-2021,74.52268182,92.51272727,1.318571429,-1.009047619,582672086473.00
01-08-2021,74.12295455,92.79954545,1.283181818,-1.065454545,603136242827.00
01-09-2021,73.61854545,92.95272727,1.374761905,-0.96952381,598057121007.00
01-10-2021,74.95442857,93.9452381,1.5825,-0.9525,602272925341.00
01-11-2021,74.48886364,95.34136364,1.5595,-1.0565,599403730377.00
01-12-2021,75.35752174,96.20818182,1.465,-0.993181818,594356484009.00
01-01-2022,74.42571429,95.92238095,1.764,-0.6855,591020180020.00
01-02-2022,74.9602,96.001,1.934210526,-0.523684211,590657717954.00
01-03-2022,76.21921739,98.47347826,2.127826087,-0.718695652,564868349642.00
01-04-2022,76.20928571,100.6904762,2.7475,-0.1365,554647525572.00
01-05-2022,77.31918182,103.0990909,2.898095238,0.20952381,562226718595.00
01-06-2022,78.08777273,103.8818182,3.143333333,0.525714286,548773984866.00
01-07-2022,79.556,106.9452381,2.896,0.534,534690412999.00
01-08-2022,79.51426087,107.1486957,2.897826087,0.389565217,520844755866.00
01-09-2022,80.23622727,110.7013636,3.519047619,1.136666667,495189249605.00
01-10-2022,82.29219048,111.9447619,3.9835,1.59,496564013946.00
01-11-2022,81.60154545,108.035,3.891,1.52,513369416042.00
01-12-2022,82.47209091,104.5019048,3.616190476,1.356666667,521419383958.00
01-01-2023,81.74790909,102.6909524,3.5315,1.2945,530592718784.00
01-02-2023,82.6047,103.6695,3.746842105,1.413157895,521182628293.00
01-03-2023,82.24921739,103.7669565,3.663043478,1.360869565,533279818317.00
01-04-2023,81.9415,101.78,3.46,1.1935,544545952523.00
01-05-2023,82.29526087,102.7704348,3.573636364,1.36,545704729661.00
01-06-2023,82.15613636,103.0790909,3.748095238,1.547619048,551201105823.00
01-07-2023,82.14452381,101.4028571,3.8995,1.603,560733750176.00
01-08-2023,82.80956522,103.1030435,4.167826087,1.832608696,553212330477.00
01-09-2023,83.04019048,105.277619,4.379,2.037,544405448262.00
01-10-2023,83.1945,106.3540909,4.798095238,2.411904762,542079544072.00
01-11-2023,83.25313636,104.49,4.502857143,2.198571429,556543068949.00
01-12-2023,83.24961905,102.6885,4.02,1.8355,574508789080.00
01-01-2024,83.11152174,102.9481818,4.058095238,1.791904762,572003913129.00
01-02-2024,82.96033333,104.1185714,4.2075,1.925,577133114834.00
01-03-2024,83.02571429,103.6709524,4.2085,1.897,593744011869.00
01-04-2024,83.3955,105.4113636,4.539090909,2.145,584311156243.00
01-05-2024,83.3516087,104.9473913,4.482272727,2.148181818,595021554909.00
01-06-2024,83.46275,105.1705,4.305263158,2.05,595473433970.00
01-07-2024,83.58756522,104.6330435,4.248636364,1.974090909,612132483487.00
01-08-2024,83.88627273,102.2127273,3.870909091,1.760909091,620488463015.00
01-09-2024,83.7862381,101.0452381,3.7235,1.616,640051704088.00
01-10-2024,84.02417391,103.3121739,4.095454545,1.809545455,612406993362.00
01-11-2024,84.3542381,105.8604762,4.355789474,2.034736842,592220818187.00
01-12-2024,84.97295455,107.1895238,4.391428571,2.088095238,569544279505.00
01-01-2025,86.24865217,108.6427273,4.629047619,2.228571429,559693630150.00
01-02-2025,87.02195,107.3225,4.451052632,2.026842105,565369204395.00
01-03-2025,86.48438095,104.1266667,4.28047619,1.946190476,590192646999.00
01-04-2025,85.55995455,100.7366667,4.279047619,2.038095238,604297172182.00
01-05-2025,85.20386364,100.0927273,4.423809524,2.11047619,607890834997.00
01-06-2025,85.92166667,98.38809524,4.3835,2.0865,614818165809.00
01-07-2025,86.16682609,97.95130435,4.391818182,2.008181818,605883894670.00
01-08-2025,87.52514286,98.26047619,4.264761905,1.882857143,608042145811.00
01-09-2025,88.28240909,97.69,4.12047619,1.749047619,602643684813.00
01-10-2025,88.38047826,98.76521739,4.061818182,1.756818182,587985149733.00
01-11-2025,88.84205,99.738,4.093888889,1.827777778,#N/A
01-12-2025,90.04322222,98.63,4.14,1.893125,#N/A
